{"reward": 1.0, "roll_reward": 0.886013206739263, "step": 1835176, "episode": 1500311, "_timestamp": 1711155437.9885957, "_runtime": 29606.391590833664, "_step": 18317}