{"reward": 0.9959414061770937, "roll_reward": 0.8918381532886271, "step": 5460797, "episode": 2219544, "_timestamp": 1711492395.6782835, "_runtime": 65215.956560373306, "_step": 36375, "_wandb": {"runtime": 65216}}